date,symbol,name,close,volume,turnover,pct_change,vol_ratio_20,knee_score,knee_grade,knee_reasons,knee_confirmed,shoulder_score,shoulder_grade,shoulder_reasons,shoulder_confirmed,analysis_date,run_at
20260422,035250,강원랜드,16880,446988,7525727060,0.24,0.75,65,Watch,최근 20일 저점권 | 종가 반등 | RSI 반등 | MACD 개선,0,0,Neutral,,0,20260422,2026-04-22T09:05:28
20260422,352820,하이브,250000,199079,49790096000,0.4,0.61,65,Watch,최근 20일 저점권 | 종가 반등 | RSI 반등 | MACD 개선,0,0,Neutral,,0,20260422,2026-04-22T09:05:28
20260422,010120,LS ELECTRIC,194200,1498778,288496368300,5.14,2.58,60,Neutral,종가 반등 | RSI 반등 | MACD 개선 | 거래량 증가,0,15,Neutral,거래량 이상,0,20260422,2026-04-22T09:05:28
20260422,001450,현대해상,30250,400706,12059558425,0.33,1.16,50,Neutral,최근 20일 저점권 | 종가 반등 | MACD 개선,0,0,Neutral,,0,20260422,2026-04-22T09:05:28
20260422,002790,아모레퍼시픽홀딩스,27850,101641,2821478425,0.91,1.1,50,Neutral,종가 반등 | MACD 개선 | 20일선 회복,1,0,Neutral,,0,20260422,2026-04-22T09:05:28
20260422,090430,아모레퍼시픽,131200,232274,30412121300,0.46,1.25,50,Neutral,최근 20일 저점권 | 종가 반등 | MACD 개선,0,0,Neutral,,0,20260422,2026-04-22T09:05:28
20260422,112610,씨에스윈드,69400,1078590,72868259200,8.78,1.45,50,Neutral,종가 반등 | MACD 개선 | 20일선 회복,1,0,Neutral,,0,20260422,2026-04-22T09:05:28
20260422,002710,TCC스틸,18940,788444,14914120095,3.78,2.19,45,Neutral,종가 반등 | MACD 개선 | 거래량 증가,0,35,Neutral,최근 20일 고점권 | 거래량 이상,0,20260422,2026-04-22T09:05:28
20260422,005290,동진쎄미켐,60400,3292951,195754893550,10.42,2.54,45,Neutral,종가 반등 | MACD 개선 | 거래량 증가,0,35,Neutral,최근 20일 고점권 | 거래량 이상,0,20260422,2026-04-22T09:05:28
20260422,005420,코스모화학,18790,691379,12826267950,2.18,2.15,45,Neutral,종가 반등 | MACD 개선 | 거래량 증가,0,35,Neutral,최근 20일 고점권 | 거래량 이상,0,20260422,2026-04-22T09:05:28
20260422,006400,삼성SDI,659000,1727542,1149456440500,2.17,1.82,45,Neutral,종가 반등 | MACD 개선 | 거래량 증가,0,35,Neutral,최근 20일 고점권 | 거래량 이상,0,20260422,2026-04-22T09:05:28
20260422,008770,호텔신라,55700,583789,32529935750,3.34,1.54,45,Neutral,종가 반등 | MACD 개선 | 거래량 증가,0,35,Neutral,최근 20일 고점권 | 거래량 이상,0,20260422,2026-04-22T09:05:28
20260422,009540,HD한국조선해양,463000,497670,225319895000,8.3,2.26,45,Neutral,종가 반등 | MACD 개선 | 거래량 증가,0,35,Neutral,최근 20일 고점권 | 거래량 이상,0,20260422,2026-04-22T09:05:28
20260422,010140,삼성중공업,31800,13693156,430850517675,5.3,2.86,45,Neutral,종가 반등 | MACD 개선 | 거래량 증가,0,35,Neutral,최근 20일 고점권 | 거래량 이상,0,20260422,2026-04-22T09:05:28
20260422,011070,LG이노텍,500000,598835,290059646250,17.65,2.12,45,Neutral,종가 반등 | MACD 개선 | 거래량 증가,0,35,Neutral,최근 20일 고점권 | 거래량 이상,0,20260422,2026-04-22T09:05:28
20260422,022100,포스코DX,35650,931968,33280551575,2.89,2.24,45,Neutral,종가 반등 | MACD 개선 | 거래량 증가,0,35,Neutral,최근 20일 고점권 | 거래량 이상,0,20260422,2026-04-22T09:05:28
20260422,034220,LG디스플레이,15480,11083842,170402604650,4.81,2.06,45,Neutral,종가 반등 | MACD 개선 | 거래량 증가,0,35,Neutral,최근 20일 고점권 | 거래량 이상,0,20260422,2026-04-22T09:05:28
20260422,036540,SFA반도체,7860,6488361,50157207125,3.83,2.57,45,Neutral,종가 반등 | MACD 개선 | 거래량 증가,0,35,Neutral,최근 20일 고점권 | 거래량 이상,0,20260422,2026-04-22T09:05:28
20260422,036570,엔씨소프트,275000,202238,55166401000,5.77,1.63,45,Neutral,종가 반등 | MACD 개선 | 거래량 증가,0,35,Neutral,최근 20일 고점권 | 거래량 이상,0,20260422,2026-04-22T09:05:28
20260422,036930,주성엔지니어링,120400,8157253,969107298900,1.26,3.42,45,Neutral,종가 반등 | MACD 개선 | 거래량 증가,0,35,Neutral,최근 20일 고점권 | 거래량 이상,0,20260422,2026-04-22T09:05:28
20260422,042660,한화오션,135000,2872125,383614813500,2.9,2.4,45,Neutral,종가 반등 | MACD 개선 | 거래량 증가,0,35,Neutral,최근 20일 고점권 | 거래량 이상,0,20260422,2026-04-22T09:05:28
20260422,066570,LG전자,132800,1430607,187668101350,4.9,1.95,45,Neutral,종가 반등 | MACD 개선 | 거래량 증가,0,35,Neutral,최근 20일 고점권 | 거래량 이상,0,20260422,2026-04-22T09:05:28
20260422,079550,LIG넥스원,1020000,1256173,1287241710500,12.21,2.57,45,Neutral,종가 반등 | MACD 개선 | 거래량 증가,0,35,Neutral,최근 20일 고점권 | 거래량 이상,0,20260422,2026-04-22T09:05:28
20260422,098460,고영,33100,3436385,112143238075,3.44,1.66,45,Neutral,종가 반등 | MACD 개선 | 거래량 증가,0,35,Neutral,최근 20일 고점권 | 거래량 이상,0,20260422,2026-04-22T09:05:28
20260422,131970,두산테스나,124900,861139,100583459200,15.65,1.89,45,Neutral,종가 반등 | MACD 개선 | 거래량 증가,0,35,Neutral,최근 20일 고점권 | 거래량 이상,0,20260422,2026-04-22T09:05:28
20260422,222080,씨아이에스,16930,26260202,446192064785,3.8,5.27,45,Neutral,종가 반등 | MACD 개선 | 거래량 증가,0,35,Neutral,최근 20일 고점권 | 거래량 이상,0,20260422,2026-04-22T09:05:28
20260422,329180,HD현대중공업,641000,1396507,855333472500,11.28,3.07,45,Neutral,종가 반등 | MACD 개선 | 거래량 증가,0,35,Neutral,최근 20일 고점권 | 거래량 이상,0,20260422,2026-04-22T09:05:28
20260422,361610,SK아이이테크놀로지,28150,847520,23813078150,5.63,3.67,45,Neutral,종가 반등 | MACD 개선 | 거래량 증가,0,35,Neutral,최근 20일 고점권 | 거래량 이상,0,20260422,2026-04-22T09:05:28
20260422,373220,LG에너지솔루션,484500,880220,424085543000,1.36,1.86,45,Neutral,종가 반등 | MACD 개선 | 거래량 증가,0,35,Neutral,최근 20일 고점권 | 거래량 이상,0,20260422,2026-04-22T09:05:28
20260422,383310,에코프로에이치엔,34000,377439,12687039100,1.34,1.62,45,Neutral,종가 반등 | MACD 개선 | 거래량 증가,0,35,Neutral,최근 20일 고점권 | 거래량 이상,0,20260422,2026-04-22T09:05:28
20260422,403870,HPSP,48000,3614540,170444864775,3.0,1.64,45,Neutral,종가 반등 | MACD 개선 | 거래량 증가,0,35,Neutral,최근 20일 고점권 | 거래량 이상,0,20260422,2026-04-22T09:05:28
20260422,443060,HD현대마린솔루션,232500,661490,150907729000,1.09,3.48,45,Neutral,종가 반등 | MACD 개선 | 거래량 증가,0,35,Neutral,최근 20일 고점권 | 거래량 이상,0,20260422,2026-04-22T09:05:28
20260422,456040,OCI,121400,333964,36450805950,23.63,3.27,45,Neutral,종가 반등 | MACD 개선 | 거래량 증가,0,35,Neutral,최근 20일 고점권 | 거래량 이상,0,20260422,2026-04-22T09:05:28
20260422,457190,이수스페셜티케미컬,130100,752305,95919137550,2.44,1.67,45,Neutral,종가 반등 | MACD 개선 | 거래량 증가,0,35,Neutral,최근 20일 고점권 | 거래량 이상,0,20260422,2026-04-22T09:05:28
20260422,011790,SKC,114900,586364,67659067900,4.17,1.7,45,Neutral,종가 반등 | MACD 개선 | 거래량 증가,0,15,Neutral,거래량 이상,0,20260422,2026-04-22T09:05:28
20260422,237690,에스티팜,141900,194661,27356993650,4.49,1.62,45,Neutral,종가 반등 | MACD 개선 | 거래량 증가,0,15,Neutral,거래량 이상,0,20260422,2026-04-22T09:05:28
20260422,000120,CJ대한통운,103900,149363,15452014300,-2.9,2.15,35,Neutral,최근 20일 저점권 | 거래량 증가,0,65,Watch,종가 약세 | MACD 둔화 | 거래량 이상 | 20일선 이탈,1,20260422,2026-04-22T09:05:28
20260422,000250,삼천당제약,403000,1164210,467937384250,-15.25,1.89,35,Neutral,최근 20일 저점권 | 거래량 증가,0,45,Neutral,종가 약세 | MACD 둔화 | 거래량 이상,0,20260422,2026-04-22T09:05:28
20260422,137400,피엔티,59200,450405,26729203150,-2.79,1.9,30,Neutral,MACD 개선 | 거래량 증가,0,65,Watch,최근 20일 고점권 | 종가 약세 | RSI 약화 | 거래량 이상,0,20260422,2026-04-22T09:05:28
20260422,241560,두산밥캣,72900,438985,31820702400,1.53,1.51,30,Neutral,종가 반등 | 거래량 증가,0,50,Neutral,최근 20일 고점권 | MACD 둔화 | 거래량 이상,0,20260422,2026-04-22T09:05:28
20260422,003670,포스코퓨처엠,257500,541591,138185407750,0.39,1.42,30,Neutral,종가 반등 | MACD 개선,0,20,Neutral,최근 20일 고점권,0,20260422,2026-04-22T09:05:28
20260422,005830,DB손해보험,172100,217741,37102392700,0.82,1.1,30,Neutral,종가 반등 | MACD 개선,0,20,Neutral,최근 20일 고점권,0,20260422,2026-04-22T09:05:28
20260422,006260,LS,355000,171301,59719506250,5.19,1.05,30,Neutral,종가 반등 | MACD 개선,0,20,Neutral,최근 20일 고점권,0,20260422,2026-04-22T09:05:28
20260422,007340,DN오토모티브,40950,317030,12802486675,4.6,0.98,30,Neutral,종가 반등 | MACD 개선,0,20,Neutral,최근 20일 고점권,0,20260422,2026-04-22T09:05:28
20260422,009150,삼성전기,812000,971103,780243659000,5.18,1.41,30,Neutral,종가 반등 | MACD 개선,0,20,Neutral,최근 20일 고점권,0,20260422,2026-04-22T09:05:28
20260422,009520,포스코엠텍,20550,480954,9823778925,0.24,1.47,30,Neutral,종가 반등 | MACD 개선,0,20,Neutral,최근 20일 고점권,0,20260422,2026-04-22T09:05:28
20260422,009830,한화솔루션,47550,3574064,167848168650,4.62,0.82,30,Neutral,종가 반등 | MACD 개선,0,20,Neutral,최근 20일 고점권,0,20260422,2026-04-22T09:05:28
20260422,010060,OCI홀딩스,314000,625151,191183025250,5.19,1.45,30,Neutral,종가 반등 | MACD 개선,0,20,Neutral,최근 20일 고점권,0,20260422,2026-04-22T09:05:28
20260422,011780,금호석유화학,139600,146172,19888593950,3.56,1.48,30,Neutral,종가 반등 | MACD 개선,0,20,Neutral,최근 20일 고점권,0,20260422,2026-04-22T09:05:28
20260422,012330,현대모비스,456500,290295,130927453250,2.13,1.22,30,Neutral,종가 반등 | MACD 개선,0,20,Neutral,최근 20일 고점권,0,20260422,2026-04-22T09:05:28
20260422,028670,팬오션,5730,4376063,24447360940,0.88,1.1,30,Neutral,종가 반등 | MACD 개선,0,20,Neutral,최근 20일 고점권,0,20260422,2026-04-22T09:05:28
20260422,034020,두산에너빌리티,115900,3779530,432072834600,0.17,1.04,30,Neutral,종가 반등 | MACD 개선,0,20,Neutral,최근 20일 고점권,0,20260422,2026-04-22T09:05:28
20260422,035900,JYP Ent.,63400,207532,12954371950,2.76,1.34,30,Neutral,종가 반등 | MACD 개선,0,20,Neutral,최근 20일 고점권,0,20260422,2026-04-22T09:05:28
20260422,051600,한전KPS,60700,138221,8307825500,0.83,0.76,30,Neutral,종가 반등 | MACD 개선,0,20,Neutral,최근 20일 고점권,0,20260422,2026-04-22T09:05:28
20260422,051910,LG화학,392000,344699,135254854250,0.64,1.07,30,Neutral,종가 반등 | MACD 개선,0,20,Neutral,최근 20일 고점권,0,20260422,2026-04-22T09:05:28
20260422,058470,리노공업,120200,572512,67678785200,1.43,0.82,30,Neutral,종가 반등 | MACD 개선,0,20,Neutral,최근 20일 고점권,0,20260422,2026-04-22T09:05:28
20260422,064350,현대로템,237500,1096697,256104399000,7.22,1.42,30,Neutral,종가 반등 | MACD 개선,0,20,Neutral,최근 20일 고점권,0,20260422,2026-04-22T09:05:28
20260422,074600,원익QnC,37400,297049,10891252300,2.75,0.97,30,Neutral,종가 반등 | MACD 개선,0,20,Neutral,최근 20일 고점권,0,20260422,2026-04-22T09:05:28
20260422,084370,유진테크,134600,207228,27307634450,4.83,1.24,30,Neutral,종가 반등 | MACD 개선,0,20,Neutral,최근 20일 고점권,0,20260422,2026-04-22T09:05:28
20260422,086280,현대글로비스,235500,180926,42119197750,0.86,1.19,30,Neutral,종가 반등 | MACD 개선,0,20,Neutral,최근 20일 고점권,0,20260422,2026-04-22T09:05:28
20260422,086520,에코프로,164300,1874518,303890345850,0.37,1.47,30,Neutral,종가 반등 | MACD 개선,0,20,Neutral,최근 20일 고점권,0,20260422,2026-04-22T09:05:28
20260422,093370,후성,14100,3643184,50460281360,2.92,0.58,30,Neutral,종가 반등 | MACD 개선,0,20,Neutral,최근 20일 고점권,0,20260422,2026-04-22T09:05:28
20260422,096770,SK이노베이션,134000,618073,81790556050,0.37,1.17,30,Neutral,종가 반등 | MACD 개선,0,20,Neutral,최근 20일 고점권,0,20260422,2026-04-22T09:05:28
20260422,161390,한국타이어앤테크놀로지,63600,260667,16445979950,2.42,0.68,30,Neutral,종가 반등 | MACD 개선,0,20,Neutral,최근 20일 고점권,0,20260422,2026-04-22T09:05:28
20260422,204320,HL만도,54500,194946,10483814150,0.37,0.84,30,Neutral,종가 반등 | MACD 개선,0,20,Neutral,최근 20일 고점권,0,20260422,2026-04-22T09:05:28
20260422,222800,심텍,86600,1139156,95713746500,9.07,1.27,30,Neutral,종가 반등 | MACD 개선,0,20,Neutral,최근 20일 고점권,0,20260422,2026-04-22T09:05:28
20260422,259960,크래프톤,265500,121225,31825235250,4.12,0.96,30,Neutral,종가 반등 | MACD 개선,0,20,Neutral,최근 20일 고점권,0,20260422,2026-04-22T09:05:28
20260422,267250,HD현대,264500,189818,48813296000,2.92,1.4,30,Neutral,종가 반등 | MACD 개선,0,20,Neutral,최근 20일 고점권,0,20260422,2026-04-22T09:05:28
20260422,271560,오리온,137100,102808,14090708950,1.26,0.99,30,Neutral,종가 반등 | MACD 개선,0,20,Neutral,최근 20일 고점권,0,20260422,2026-04-22T09:05:28
20260422,272210,한화시스템,134100,1583516,212787933650,2.05,1.29,30,Neutral,종가 반등 | MACD 개선,0,20,Neutral,최근 20일 고점권,0,20260422,2026-04-22T09:05:28
20260422,278470,에이피알,434000,303221,131009229000,5.85,0.92,30,Neutral,종가 반등 | MACD 개선,0,20,Neutral,최근 20일 고점권,0,20260422,2026-04-22T09:05:28
20260422,319660,피에스케이,86900,285425,24130692100,3.82,0.78,30,Neutral,종가 반등 | MACD 개선,0,20,Neutral,최근 20일 고점권,0,20260422,2026-04-22T09:05:28
20260422,393890,더블유씨피,20050,3062687,60653469035,7.51,1.49,30,Neutral,종가 반등 | MACD 개선,0,20,Neutral,최근 20일 고점권,0,20260422,2026-04-22T09:05:28
20260422,012630,HDC,27000,103240,2766200150,0.37,0.68,30,Neutral,종가 반등 | MACD 개선,0,0,Neutral,,0,20260422,2026-04-22T09:05:28
20260422,047050,포스코인터내셔널,80600,898801,71583676600,4.0,0.97,30,Neutral,종가 반등 | MACD 개선,0,0,Neutral,,0,20260422,2026-04-22T09:05:28
20260422,095340,ISC,239500,180658,42877141500,0.63,0.47,30,Neutral,종가 반등 | MACD 개선,0,0,Neutral,,0,20260422,2026-04-22T09:05:28
20260422,263750,펄어비스,57700,1443375,81926770200,6.07,0.67,30,Neutral,종가 반등 | MACD 개선,0,0,Neutral,,0,20260422,2026-04-22T09:05:28
20260422,293490,카카오게임즈,12520,189635,2365265160,0.08,0.68,30,Neutral,종가 반등 | MACD 개선,0,0,Neutral,,0,20260422,2026-04-22T09:05:28
20260422,073240,금호타이어,5940,410353,2439490975,-0.5,1.01,20,Neutral,최근 20일 저점권,0,30,Neutral,종가 약세 | MACD 둔화,0,20260422,2026-04-22T09:05:28
20260422,003380,하림지주,13450,1696120,22936283905,-2.89,1.64,15,Neutral,거래량 증가,0,65,Watch,종가 약세 | MACD 둔화 | 거래량 이상 | 20일선 이탈,1,20260422,2026-04-22T09:05:28
20260422,005490,POSCO홀딩스,418500,561752,234252098000,-0.71,1.46,15,Neutral,MACD 개선,0,50,Neutral,최근 20일 고점권 | 종가 약세 | RSI 약화,0,20260422,2026-04-22T09:05:28
20260422,005850,에스엘,64000,142945,9071496550,-1.39,0.85,15,Neutral,MACD 개선,0,50,Neutral,최근 20일 고점권 | 종가 약세 | RSI 약화,0,20260422,2026-04-22T09:05:28
20260422,011210,현대위아,85600,137755,11713852200,-0.93,0.88,15,Neutral,MACD 개선,0,50,Neutral,최근 20일 고점권 | 종가 약세 | RSI 약화,0,20260422,2026-04-22T09:05:28
20260422,025900,동화기업,12580,450062,5628260620,-0.16,1.46,15,Neutral,MACD 개선,0,50,Neutral,최근 20일 고점권 | 종가 약세 | RSI 약화,0,20260422,2026-04-22T09:05:28
20260422,042700,한미반도체,293500,684772,198799415500,-0.51,1.04,15,Neutral,MACD 개선,0,50,Neutral,최근 20일 고점권 | 종가 약세 | RSI 약화,0,20260422,2026-04-22T09:05:28
20260422,047040,대우건설,32550,25850868,823150277425,-0.91,0.54,15,Neutral,MACD 개선,0,50,Neutral,최근 20일 고점권 | 종가 약세 | RSI 약화,0,20260422,2026-04-22T09:05:28
20260422,056190,에스에프에이,31550,126765,3996364200,-0.79,1.39,15,Neutral,MACD 개선,0,50,Neutral,최근 20일 고점권 | 종가 약세 | RSI 약화,0,20260422,2026-04-22T09:05:28
20260422,066970,엘앤에프,194700,754499,145787723350,-0.87,0.62,15,Neutral,MACD 개선,0,50,Neutral,최근 20일 고점권 | 종가 약세 | RSI 약화,0,20260422,2026-04-22T09:05:28
20260422,247540,에코프로비엠,218000,744134,161244648750,-1.13,1.47,15,Neutral,MACD 개선,0,50,Neutral,최근 20일 고점권 | 종가 약세 | RSI 약화,0,20260422,2026-04-22T09:05:28
20260422,450080,에코프로머티,82800,1766957,144069960250,-0.48,0.86,15,Neutral,MACD 개선,0,50,Neutral,최근 20일 고점권 | 종가 약세 | RSI 약화,0,20260422,2026-04-22T09:05:28
20260422,240810,원익IPS,119100,806392,94626333400,-3.87,1.64,15,Neutral,거래량 증가,0,45,Neutral,종가 약세 | MACD 둔화 | 거래량 이상,0,20260422,2026-04-22T09:05:28
20260422,003550,LG,95700,265866,25420731850,0.74,1.09,15,Neutral,종가 반등,0,35,Neutral,최근 20일 고점권 | MACD 둔화,0,20260422,2026-04-22T09:05:28
20260422,015760,한국전력,46350,3000332,137669819600,0.76,1.18,15,Neutral,종가 반등,0,35,Neutral,최근 20일 고점권 | MACD 둔화,0,20260422,2026-04-22T09:05:28
20260422,017960,한국카본,52200,429985,22178002100,2.55,0.64,15,Neutral,종가 반등,0,35,Neutral,최근 20일 고점권 | MACD 둔화,0,20260422,2026-04-22T09:05:28
20260422,068270,셀트리온,204000,325046,66019586500,0.49,0.74,15,Neutral,종가 반등,0,35,Neutral,최근 20일 고점권 | MACD 둔화,0,20260422,2026-04-22T09:05:28
20260422,120110,코오롱인더,88400,385130,33658378300,0.8,1.23,15,Neutral,종가 반등,0,35,Neutral,최근 20일 고점권 | MACD 둔화,0,20260422,2026-04-22T09:05:28
20260422,139480,이마트,102500,163938,16777609800,0.79,0.86,15,Neutral,종가 반등,0,35,Neutral,최근 20일 고점권 | MACD 둔화,0,20260422,2026-04-22T09:05:28
20260422,161890,한국콜마,87000,190481,16691842150,0.81,0.8,15,Neutral,종가 반등,0,35,Neutral,최근 20일 고점권 | MACD 둔화,0,20260422,2026-04-22T09:05:28
20260422,166090,하나머티리얼즈,71400,144222,10120773250,1.56,0.66,15,Neutral,종가 반등,0,35,Neutral,최근 20일 고점권 | MACD 둔화,0,20260422,2026-04-22T09:05:28
20260422,214150,클래시스,57300,136643,7768338850,0.35,0.66,15,Neutral,종가 반등,0,35,Neutral,최근 20일 고점권 | MACD 둔화,0,20260422,2026-04-22T09:05:28
20260422,251270,넷마블,51100,189561,9638614050,0.99,0.94,15,Neutral,종가 반등,0,35,Neutral,최근 20일 고점권 | MACD 둔화,0,20260422,2026-04-22T09:05:28
20260422,267260,HD현대일렉트릭,1090000,145221,154368835000,3.02,1.07,15,Neutral,종가 반등,0,35,Neutral,최근 20일 고점권 | MACD 둔화,0,20260422,2026-04-22T09:05:28
20260422,326030,SK바이오팜,103500,176350,18230609900,1.47,0.88,15,Neutral,종가 반등,0,35,Neutral,최근 20일 고점권 | MACD 둔화,0,20260422,2026-04-22T09:05:28
20260422,402340,SK스퀘어,720000,483236,343266559500,0.28,0.85,15,Neutral,종가 반등,0,35,Neutral,최근 20일 고점권 | MACD 둔화,0,20260422,2026-04-22T09:05:28
20260422,454910,두산로보틱스,92900,112039,10319341050,0.32,0.6,15,Neutral,종가 반등,0,35,Neutral,최근 20일 고점권 | MACD 둔화,0,20260422,2026-04-22T09:05:28
20260422,036830,솔브레인홀딩스,64600,100136,6483329800,-4.3,1.15,15,Neutral,MACD 개선,0,30,Neutral,종가 약세 | RSI 약화,0,20260422,2026-04-22T09:05:28
20260422,000270,기아,160000,770589,122545682450,0.0,0.77,15,Neutral,MACD 개선,0,20,Neutral,최근 20일 고점권,0,20260422,2026-04-22T09:05:28
20260422,001430,세아베스틸지주,71400,164914,11622455650,2.15,0.68,15,Neutral,종가 반등,0,15,Neutral,MACD 둔화,0,20260422,2026-04-22T09:05:28
20260422,006800,미래에셋증권,69100,2457080,170017264400,0.44,0.84,15,Neutral,종가 반등,0,15,Neutral,MACD 둔화,0,20260422,2026-04-22T09:05:28
20260422,009420,한올바이오파마,48250,269082,13012979625,-1.43,0.58,15,Neutral,MACD 개선,0,15,Neutral,종가 약세,0,20260422,2026-04-22T09:05:28
20260422,011170,롯데케미칼,91000,180890,16236350700,1.22,0.85,15,Neutral,종가 반등,0,15,Neutral,MACD 둔화,0,20260422,2026-04-22T09:05:28
20260422,012450,한화에어로스페이스,1416000,159301,226328774500,1.8,0.77,15,Neutral,종가 반등,0,15,Neutral,MACD 둔화,0,20260422,2026-04-22T09:05:28
20260422,041510,에스엠,92700,103452,9547125050,0.54,1.34,15,Neutral,종가 반등,0,15,Neutral,MACD 둔화,0,20260422,2026-04-22T09:05:28
20260422,046890,서울반도체,10770,541714,5754287250,1.51,0.65,15,Neutral,종가 반등,0,15,Neutral,MACD 둔화,0,20260422,2026-04-22T09:05:28
20260422,047810,한국항공우주,185800,620990,115421807100,1.81,1.06,15,Neutral,종가 반등,0,15,Neutral,MACD 둔화,0,20260422,2026-04-22T09:05:28
20260422,052690,한전기술,180400,176500,31603342550,0.73,0.78,15,Neutral,종가 반등,0,15,Neutral,MACD 둔화,0,20260422,2026-04-22T09:05:28
20260422,103140,풍산,101400,187707,18860835550,1.5,0.48,15,Neutral,종가 반등,0,15,Neutral,MACD 둔화,0,20260422,2026-04-22T09:05:28
20260422,213420,덕산네오룩스,53300,192080,10204784700,1.33,0.74,15,Neutral,종가 반등,0,15,Neutral,MACD 둔화,0,20260422,2026-04-22T09:05:28
20260422,000660,SK하이닉스,1223000,2868962,3487036488500,-0.08,0.7,0,Neutral,,0,65,Watch,최근 20일 고점권 | 종가 약세 | RSI 약화 | MACD 둔화,0,20260422,2026-04-22T09:05:28
20260422,001040,CJ,209500,110342,22909608750,-0.71,0.99,0,Neutral,,0,65,Watch,최근 20일 고점권 | 종가 약세 | RSI 약화 | MACD 둔화,0,20260422,2026-04-22T09:05:28
20260422,001440,대한전선,41050,6606289,266667951775,-1.2,0.94,0,Neutral,,0,65,Watch,최근 20일 고점권 | 종가 약세 | RSI 약화 | MACD 둔화,0,20260422,2026-04-22T09:05:28
20260422,004020,현대제철,40100,580554,23234250125,-0.62,0.69,0,Neutral,,0,65,Watch,최근 20일 고점권 | 종가 약세 | RSI 약화 | MACD 둔화,0,20260422,2026-04-22T09:05:28
20260422,005380,현대차,541000,747125,400997853500,-0.92,0.81,0,Neutral,,0,65,Watch,최근 20일 고점권 | 종가 약세 | RSI 약화 | MACD 둔화,0,20260422,2026-04-22T09:05:28
20260422,005930,삼성전자,217500,16732867,3648659062000,-0.68,0.68,0,Neutral,,0,65,Watch,최근 20일 고점권 | 종가 약세 | RSI 약화 | MACD 둔화,0,20260422,2026-04-22T09:05:28
20260422,005940,NH투자증권,35600,742740,26298922825,-0.97,0.83,0,Neutral,,0,65,Watch,최근 20일 고점권 | 종가 약세 | RSI 약화 | MACD 둔화,0,20260422,2026-04-22T09:05:28
20260422,008730,율촌화학,27700,153117,4247813675,-2.81,1.44,0,Neutral,,0,65,Watch,최근 20일 고점권 | 종가 약세 | RSI 약화 | MACD 둔화,0,20260422,2026-04-22T09:05:28
20260422,016360,삼성증권,109400,299012,32514292150,-0.91,0.9,0,Neutral,,0,65,Watch,최근 20일 고점권 | 종가 약세 | RSI 약화 | MACD 둔화,0,20260422,2026-04-22T09:05:28
20260422,017670,SK텔레콤,100300,845288,84758714750,-0.2,0.83,0,Neutral,,0,65,Watch,최근 20일 고점권 | 종가 약세 | RSI 약화 | MACD 둔화,0,20260422,2026-04-22T09:05:28
20260422,018880,한온시스템,4175,10994810,45300631414,-1.76,1.22,0,Neutral,,0,65,Watch,최근 20일 고점권 | 종가 약세 | RSI 약화 | MACD 둔화,0,20260422,2026-04-22T09:05:28
20260422,033780,KT&G,171000,340674,57935127650,-1.16,1.28,0,Neutral,,0,65,Watch,최근 20일 고점권 | 종가 약세 | RSI 약화 | MACD 둔화,0,20260422,2026-04-22T09:05:28
20260422,034730,SK,381500,116647,44174790750,-1.29,0.79,0,Neutral,,0,65,Watch,최근 20일 고점권 | 종가 약세 | RSI 약화 | MACD 둔화,0,20260422,2026-04-22T09:05:28
20260422,055550,신한지주,98600,1071124,105439627500,-1.2,1.1,0,Neutral,,0,65,Watch,최근 20일 고점권 | 종가 약세 | RSI 약화 | MACD 둔화,0,20260422,2026-04-22T09:05:28
20260422,071050,한국금융지주,258000,318279,80812054000,-1.53,1.23,0,Neutral,,0,65,Watch,최근 20일 고점권 | 종가 약세 | RSI 약화 | MACD 둔화,0,20260422,2026-04-22T09:05:28
20260422,139130,iM금융지주,18930,766296,14520608955,-0.26,1.27,0,Neutral,,0,65,Watch,최근 20일 고점권 | 종가 약세 | RSI 약화 | MACD 둔화,0,20260422,2026-04-22T09:05:28
20260422,183300,코미코,151500,112758,16832086050,-0.66,0.81,0,Neutral,,0,65,Watch,최근 20일 고점권 | 종가 약세 | RSI 약화 | MACD 둔화,0,20260422,2026-04-22T09:05:28
20260422,316140,우리금융지주,34900,1457632,50963551100,-2.51,0.96,0,Neutral,,0,65,Watch,최근 20일 고점권 | 종가 약세 | RSI 약화 | MACD 둔화,0,20260422,2026-04-22T09:05:28
20260422,000100,유한양행,95100,157242,14977029950,-1.45,0.84,0,Neutral,,0,50,Neutral,종가 약세 | MACD 둔화 | 20일선 이탈,1,20260422,2026-04-22T09:05:28
20260422,003490,대한항공,25200,967296,24294437525,-1.56,0.59,0,Neutral,,0,50,Neutral,최근 20일 고점권 | 종가 약세 | MACD 둔화,0,20260422,2026-04-22T09:05:28
20260422,028260,삼성물산,301000,246044,73847765000,-0.99,0.62,0,Neutral,,0,50,Neutral,최근 20일 고점권 | 종가 약세 | MACD 둔화,0,20260422,2026-04-22T09:05:28
20260422,030000,제일기획,19780,228199,4516249035,-0.15,0.66,0,Neutral,,0,50,Neutral,최근 20일 고점권 | 종가 약세 | MACD 둔화,0,20260422,2026-04-22T09:05:28
20260422,036460,한국가스공사,36900,198269,7286702175,-0.4,0.98,0,Neutral,,0,50,Neutral,최근 20일 고점권 | 종가 약세 | MACD 둔화,0,20260422,2026-04-22T09:05:28
20260422,088350,한화생명,4840,4099822,19609242531,-0.62,1.0,0,Neutral,,0,50,Neutral,최근 20일 고점권 | 종가 약세 | MACD 둔화,0,20260422,2026-04-22T09:05:28
20260422,091700,파트론,8320,196167,1624066450,-0.36,0.82,0,Neutral,,0,50,Neutral,최근 20일 고점권 | 종가 약세 | MACD 둔화,0,20260422,2026-04-22T09:05:28
20260422,114090,GKL,11930,243737,2912968430,-1.49,1.16,0,Neutral,,0,50,Neutral,최근 20일 고점권 | 종가 약세 | MACD 둔화,0,20260422,2026-04-22T09:05:28
20260422,138040,메리츠금융지주,115500,199564,23020248300,-1.11,0.87,0,Neutral,,0,50,Neutral,최근 20일 고점권 | 종가 약세 | MACD 둔화,0,20260422,2026-04-22T09:05:28
20260422,138930,BNK금융지주,18800,1318847,24503761400,-0.16,1.4,0,Neutral,,0,50,Neutral,최근 20일 고점권 | 종가 약세 | MACD 둔화,0,20260422,2026-04-22T09:05:28
20260422,141080,리가켐바이오,188300,396230,75234505800,-2.99,0.98,0,Neutral,,0,50,Neutral,종가 약세 | MACD 둔화 | 20일선 이탈,1,20260422,2026-04-22T09:05:28
20260422,175330,JB금융지주,30050,399272,11957212850,-2.91,1.05,0,Neutral,,0,50,Neutral,종가 약세 | MACD 둔화 | 20일선 이탈,1,20260422,2026-04-22T09:05:28
20260422,196170,알테오젠,359500,267586,96333803000,-2.57,0.86,0,Neutral,,0,50,Neutral,종가 약세 | MACD 둔화 | 20일선 이탈,1,20260422,2026-04-22T09:05:28
20260422,300720,한일시멘트,16980,115099,1953175645,-1.05,0.78,0,Neutral,,0,50,Neutral,최근 20일 고점권 | 종가 약세 | MACD 둔화,0,20260422,2026-04-22T09:05:28
20260422,323410,카카오뱅크,24650,553681,13609287600,-1.2,0.82,0,Neutral,,0,50,Neutral,종가 약세 | MACD 둔화 | 20일선 이탈,1,20260422,2026-04-22T09:05:28
20260422,377300,카카오페이,56800,248984,13963855900,-0.35,0.74,0,Neutral,,0,50,Neutral,최근 20일 고점권 | 종가 약세 | MACD 둔화,0,20260422,2026-04-22T09:05:28
20260422,000210,DL,63600,100776,6325280900,-0.47,0.6,0,Neutral,,0,45,Neutral,종가 약세 | RSI 약화 | MACD 둔화,0,20260422,2026-04-22T09:05:28
20260422,000880,한화,128100,221035,28238787500,-1.84,0.92,0,Neutral,,0,45,Neutral,종가 약세 | RSI 약화 | MACD 둔화,0,20260422,2026-04-22T09:05:28
20260422,003620,KG모빌리티,4080,1192023,4836868083,-2.51,1.01,0,Neutral,,0,45,Neutral,종가 약세 | RSI 약화 | MACD 둔화,0,20260422,2026-04-22T09:05:28
20260422,006360,GS건설,41700,2493613,102817311025,-3.25,0.57,0,Neutral,,0,45,Neutral,종가 약세 | RSI 약화 | MACD 둔화,0,20260422,2026-04-22T09:05:28
20260422,017800,현대엘리베이터,98000,232914,22800966500,-1.71,1.1,0,Neutral,,0,45,Neutral,종가 약세 | RSI 약화 | MACD 둔화,0,20260422,2026-04-22T09:05:28
20260422,018260,삼성에스디에스,180100,237449,42780154950,-0.06,0.79,0,Neutral,,0,45,Neutral,종가 약세 | RSI 약화 | MACD 둔화,0,20260422,2026-04-22T09:05:28
20260422,021240,코웨이,80800,274247,22114844500,-0.74,0.96,0,Neutral,,0,45,Neutral,종가 약세 | RSI 약화 | MACD 둔화,0,20260422,2026-04-22T09:05:28
20260422,028050,삼성E&A,50600,2364427,118356131700,-2.13,0.51,0,Neutral,,0,45,Neutral,종가 약세 | RSI 약화 | MACD 둔화,0,20260422,2026-04-22T09:05:28
20260422,032830,삼성생명,247500,281148,69960419000,-3.32,0.97,0,Neutral,,0,45,Neutral,종가 약세 | RSI 약화 | MACD 둔화,0,20260422,2026-04-22T09:05:28
20260422,084850,아이티엠반도체,17830,107722,1908806795,-2.73,0.35,0,Neutral,,0,45,Neutral,종가 약세 | RSI 약화 | MACD 둔화,0,20260422,2026-04-22T09:05:28
20260422,086790,하나금융지주,119500,711514,85002391650,-2.85,0.95,0,Neutral,,0,45,Neutral,종가 약세 | RSI 약화 | MACD 둔화,0,20260422,2026-04-22T09:05:28
20260422,112040,위메이드,23800,172289,4110958550,-1.24,0.88,0,Neutral,,0,45,Neutral,종가 약세 | RSI 약화 | MACD 둔화,0,20260422,2026-04-22T09:05:28
20260422,137310,에스디바이오센서,8550,106955,917707015,-1.61,0.7,0,Neutral,,0,45,Neutral,종가 약세 | RSI 약화 | MACD 둔화,0,20260422,2026-04-22T09:05:28
20260422,272290,이녹스첨단소재,35650,321789,11505332475,-1.79,1.15,0,Neutral,,0,45,Neutral,종가 약세 | RSI 약화 | MACD 둔화,0,20260422,2026-04-22T09:05:28
20260422,375500,DL이앤씨,98000,1037975,100808348600,-2.58,0.51,0,Neutral,,0,45,Neutral,종가 약세 | RSI 약화 | MACD 둔화,0,20260422,2026-04-22T09:05:28
20260422,489790,한화비전,82200,594462,48664576300,-3.97,1.0,0,Neutral,,0,45,Neutral,종가 약세 | RSI 약화 | MACD 둔화,0,20260422,2026-04-22T09:05:28
20260422,035420,NAVER,214000,364648,77973435000,0.0,0.54,0,Neutral,,0,35,Neutral,최근 20일 고점권 | MACD 둔화,0,20260422,2026-04-22T09:05:28
20260422,000720,현대건설,168800,1617320,273143131250,-3.49,1.11,0,Neutral,,0,30,Neutral,종가 약세 | MACD 둔화,0,20260422,2026-04-22T09:05:28
20260422,001800,오리온홀딩스,24000,118516,2877143950,-3.03,1.0,0,Neutral,,0,30,Neutral,종가 약세 | MACD 둔화,0,20260422,2026-04-22T09:05:28
20260422,004990,롯데지주,28300,170262,4798359700,-1.05,0.8,0,Neutral,,0,30,Neutral,종가 약세 | MACD 둔화,0,20260422,2026-04-22T09:05:28
20260422,010950,S-Oil,114100,272328,31184664650,-0.17,0.58,0,Neutral,,0,30,Neutral,종가 약세 | MACD 둔화,0,20260422,2026-04-22T09:05:28
20260422,011200,HMM,20850,1117187,23266728625,-1.18,0.87,0,Neutral,,0,30,Neutral,종가 약세 | MACD 둔화,0,20260422,2026-04-22T09:05:28
20260422,024110,기업은행,22350,1113320,24832481775,-0.89,1.02,0,Neutral,,0,30,Neutral,종가 약세 | MACD 둔화,0,20260422,2026-04-22T09:05:28
20260422,030200,KT,61800,244783,15146504000,-1.44,0.58,0,Neutral,,0,30,Neutral,종가 약세 | MACD 둔화,0,20260422,2026-04-22T09:05:28
20260422,032640,LG유플러스,16730,1075591,17994601850,-3.91,1.04,0,Neutral,,0,30,Neutral,종가 약세 | MACD 둔화,0,20260422,2026-04-22T09:05:28
20260422,035720,카카오,48450,1131927,54736396850,-1.02,0.92,0,Neutral,,0,30,Neutral,종가 약세 | MACD 둔화,0,20260422,2026-04-22T09:05:28
20260422,039490,키움증권,444000,128383,56821530500,-1.66,0.99,0,Neutral,,0,30,Neutral,종가 약세 | MACD 둔화,0,20260422,2026-04-22T09:05:28
20260422,081660,미스토홀딩스,41700,145289,6088479400,-2.23,1.13,0,Neutral,,0,30,Neutral,종가 약세 | MACD 둔화,0,20260422,2026-04-22T09:05:28
20260422,096530,씨젠,24850,227663,5648987375,-0.2,0.73,0,Neutral,,0,30,Neutral,종가 약세 | MACD 둔화,0,20260422,2026-04-22T09:05:28
20260422,105560,KB금융,157400,1086402,170276647050,-1.87,1.06,0,Neutral,,0,30,Neutral,종가 약세 | MACD 둔화,0,20260422,2026-04-22T09:05:28
20260422,195940,HK이노엔,50800,125133,6340018700,-1.93,0.98,0,Neutral,,0,30,Neutral,종가 약세 | MACD 둔화,0,20260422,2026-04-22T09:05:28
20260422,000240,한국앤컴퍼니,24900,114378,2817124650,0.0,1.0,0,Neutral,,0,15,Neutral,MACD 둔화,0,20260422,2026-04-22T09:05:28
20260422,069260,TKG휴켐스,17950,102513,1833780435,0.0,1.28,0,Neutral,,0,15,Neutral,MACD 둔화,0,20260422,2026-04-22T09:05:28
20260422,078930,GS,70800,168093,11780121450,0.0,0.73,0,Neutral,,0,15,Neutral,MACD 둔화,0,20260422,2026-04-22T09:05:28
20260422,086450,동국제약,24950,449956,11405895475,0.0,0.38,0,Neutral,,0,15,Neutral,MACD 둔화,0,20260422,2026-04-22T09:05:28
20260422,000080,하이트진로,17150,66767,1144085095,-0.12,0.54,0,Neutral,,0,0,Neutral,,0,20260422,2026-04-22T09:05:28
20260422,000150,두산,1438000,73948,104638417000,2.06,0.88,0,Neutral,,0,0,Neutral,,0,20260422,2026-04-22T09:05:28
20260422,000670,영풍,66600,38091,2499445450,1.83,1.18,0,Neutral,,0,0,Neutral,,0,20260422,2026-04-22T09:05:28
20260422,000810,삼성화재,461500,93264,43232467750,-1.39,0.78,0,Neutral,,0,0,Neutral,,1,20260422,2026-04-22T09:05:28
20260422,001570,금양,9900,0,0,0.0,,0,Neutral,,0,0,Neutral,,0,20260422,2026-04-22T09:05:28
20260422,001680,대상,20650,77425,1600860150,-0.48,0.66,0,Neutral,,0,0,Neutral,,0,20260422,2026-04-22T09:05:28
20260422,002380,KCC,551000,31998,17491141000,-0.72,0.93,0,Neutral,,0,0,Neutral,,0,20260422,2026-04-22T09:05:28
20260422,002840,미원상사,139600,4184,582893050,-0.92,1.0,0,Neutral,,0,0,Neutral,,0,20260422,2026-04-22T09:05:28
20260422,003030,세아제강지주,214000,37093,7868787750,-0.23,0.72,0,Neutral,,0,0,Neutral,,0,20260422,2026-04-22T09:05:28
20260422,003090,대웅,22850,42279,965624750,-0.87,0.53,0,Neutral,,0,0,Neutral,,0,20260422,2026-04-22T09:05:28
20260422,003230,삼양식품,1370000,51243,70218757500,0.81,0.91,0,Neutral,,0,0,Neutral,,0,20260422,2026-04-22T09:05:28
20260422,003240,태광산업,1212000,1815,2204459500,-2.02,0.75,0,Neutral,,0,0,Neutral,,0,20260422,2026-04-22T09:05:28
20260422,004000,롯데정밀화학,55000,89763,4901846500,2.23,1.23,0,Neutral,,0,0,Neutral,,0,20260422,2026-04-22T09:05:28
20260422,004170,신세계,382000,32972,12578261500,0.0,0.63,0,Neutral,,0,0,Neutral,,0,20260422,2026-04-22T09:05:28
20260422,004370,농심,377500,16567,6244026000,-0.4,0.99,0,Neutral,,0,0,Neutral,,0,20260422,2026-04-22T09:05:28
20260422,004490,세방전지,64900,58335,3769606600,-0.31,1.41,0,Neutral,,0,0,Neutral,,0,20260422,2026-04-22T09:05:28
20260422,005250,녹십자홀딩스,14330,67961,971657595,-0.07,0.71,0,Neutral,,0,0,Neutral,,0,20260422,2026-04-22T09:05:28
20260422,005300,롯데칠성,122100,16167,1969752650,-1.05,1.06,0,Neutral,,0,0,Neutral,,0,20260422,2026-04-22T09:05:28
20260422,006040,동원산업,38900,48411,1884510525,-1.27,1.04,0,Neutral,,0,0,Neutral,,0,20260422,2026-04-22T09:05:28
20260422,006280,녹십자,142300,30672,4372583750,-1.18,0.86,0,Neutral,,0,0,Neutral,,0,20260422,2026-04-22T09:05:28
20260422,006650,대한유화,156000,62724,9661059550,-1.83,0.84,0,Neutral,,0,0,Neutral,,0,20260422,2026-04-22T09:05:28
20260422,007070,GS리테일,23150,99326,2288242075,-0.86,0.68,0,Neutral,,0,0,Neutral,,0,20260422,2026-04-22T09:05:28
20260422,007310,오뚜기,364500,3083,1121169750,-0.14,0.59,0,Neutral,,0,0,Neutral,,0,20260422,2026-04-22T09:05:28
20260422,008930,한미사이언스,38650,87544,3392042925,-1.53,0.76,0,Neutral,,0,0,Neutral,,0,20260422,2026-04-22T09:05:28
20260422,009240,한샘,38800,50643,1958740725,-1.27,1.13,0,Neutral,,0,0,Neutral,,0,20260422,2026-04-22T09:05:28
20260422,009970,영원무역홀딩스,212500,11451,2461883000,0.24,0.75,0,Neutral,,0,0,Neutral,,0,20260422,2026-04-22T09:05:28
20260422,010130,고려아연,1698000,18683,31330834000,1.68,0.84,0,Neutral,,0,0,Neutral,,0,20260422,2026-04-22T09:05:28
20260422,012750,에스원,88000,27559,2418936650,-1.01,0.68,0,Neutral,,0,0,Neutral,,1,20260422,2026-04-22T09:05:28
20260422,014680,한솔케미칼,288000,84268,23961642000,0.0,1.18,0,Neutral,,0,0,Neutral,,0,20260422,2026-04-22T09:05:28
20260422,014820,동원시스템즈,27550,84668,2317017650,0.55,2.21,0,Neutral,,0,0,Neutral,,0,20260422,2026-04-22T09:05:28
20260422,023530,롯데쇼핑,118700,98383,11737944650,0.68,0.72,0,Neutral,,0,0,Neutral,,0,20260422,2026-04-22T09:05:28
20260422,026960,동서,26900,48592,1310385675,-0.19,0.67,0,Neutral,,0,0,Neutral,,0,20260422,2026-04-22T09:05:28
20260422,029780,삼성카드,54100,93927,5073776800,0.19,0.87,0,Neutral,,0,0,Neutral,,0,20260422,2026-04-22T09:05:28
20260422,030520,한글과컴퓨터,20900,80492,1681703175,-0.95,0.53,0,Neutral,,0,0,Neutral,,0,20260422,2026-04-22T09:05:28
20260422,035760,CJ ENM,54500,40382,2198876250,-0.73,0.73,0,Neutral,,0,0,Neutral,,0,20260422,2026-04-22T09:05:28
20260422,039030,이오테크닉스,483000,68182,32599802750,0.0,0.74,0,Neutral,,0,0,Neutral,,0,20260422,2026-04-22T09:05:28
20260422,039130,하나투어,42400,38469,1635918000,-0.7,0.72,0,Neutral,,0,0,Neutral,,0,20260422,2026-04-22T09:05:28
20260422,051900,LG생활건강,250000,29854,7470701000,-0.2,0.66,0,Neutral,,0,0,Neutral,,0,20260422,2026-04-22T09:05:28
20260422,064760,티씨케이,285000,67992,19052982500,1.79,0.8,0,Neutral,,0,0,Neutral,,0,20260422,2026-04-22T09:05:28
20260422,067160,SOOP,60400,33274,2010567900,0.5,0.83,0,Neutral,,0,0,Neutral,,0,20260422,2026-04-22T09:05:28
20260422,069080,웹젠,12620,74058,929691250,0.96,1.07,0,Neutral,,0,0,Neutral,,0,20260422,2026-04-22T09:05:28
20260422,069620,대웅제약,149700,19849,2962634200,0.27,0.62,0,Neutral,,0,0,Neutral,,0,20260422,2026-04-22T09:05:28
20260422,069960,현대백화점,91800,49437,4510824900,-0.54,0.52,0,Neutral,,0,0,Neutral,,0,20260422,2026-04-22T09:05:28
20260422,071320,지역난방공사,78300,19424,1507998600,0.77,0.55,0,Neutral,,0,0,Neutral,,0,20260422,2026-04-22T09:05:28
20260422,078340,컴투스,33900,58150,1953121700,2.88,1.25,0,Neutral,,1,0,Neutral,,0,20260422,2026-04-22T09:05:28
20260422,086900,메디톡스,107300,36324,3848032100,3.17,1.02,0,Neutral,,0,0,Neutral,,0,20260422,2026-04-22T09:05:28
20260422,097950,CJ제일제당,234000,44386,10382997750,-1.47,0.53,0,Neutral,,0,0,Neutral,,0,20260422,2026-04-22T09:05:28
20260422,111770,영원무역,84000,40887,3439761350,-1.64,0.64,0,Neutral,,0,0,Neutral,,0,20260422,2026-04-22T09:05:28
20260422,122870,와이지엔터테인먼트,54500,67804,3653034400,1.3,0.53,0,Neutral,,0,0,Neutral,,0,20260422,2026-04-22T09:05:28
20260422,128940,한미약품,494500,81253,40350262000,-1.88,1.0,0,Neutral,,0,0,Neutral,,0,20260422,2026-04-22T09:05:28
20260422,140860,파크시스템스,284500,57384,16131510000,3.64,1.4,0,Neutral,,0,0,Neutral,,0,20260422,2026-04-22T09:05:28
20260422,145020,휴젤,264000,41366,10799534000,1.15,1.06,0,Neutral,,0,0,Neutral,,0,20260422,2026-04-22T09:05:28
20260422,145720,덴티움,53500,33771,1809610250,-1.83,0.71,0,Neutral,,0,0,Neutral,,0,20260422,2026-04-22T09:05:28
20260422,180640,한진칼,116800,82195,9567976250,-1.85,0.75,0,Neutral,,0,0,Neutral,,0,20260422,2026-04-22T09:05:28
20260422,185750,종근당,87200,16183,1413320300,-0.91,0.56,0,Neutral,,0,0,Neutral,,0,20260422,2026-04-22T09:05:28
20260422,192080,더블유게임즈,51600,58698,3032892100,-0.19,1.12,0,Neutral,,0,0,Neutral,,0,20260422,2026-04-22T09:05:28
20260422,192820,코스맥스,217500,69710,15187621500,1.64,0.76,0,Neutral,,0,0,Neutral,,0,20260422,2026-04-22T09:05:28
20260422,200130,콜마비앤에이치,11650,45482,528391080,-0.17,0.79,0,Neutral,,0,0,Neutral,,0,20260422,2026-04-22T09:05:28
20260422,207940,삼성바이오로직스,1561000,44657,70219261000,-1.7,1.06,0,Neutral,,0,0,Neutral,,1,20260422,2026-04-22T09:05:28
20260422,214450,파마리서치,303500,56867,17057854250,0.33,0.93,0,Neutral,,0,0,Neutral,,0,20260422,2026-04-22T09:05:28
20260422,215000,골프존,51200,11786,603597850,-0.58,0.7,0,Neutral,,0,0,Neutral,,0,20260422,2026-04-22T09:05:28
20260422,215200,메가스터디교육,44450,29602,1322797600,-2.63,0.94,0,Neutral,,0,0,Neutral,,0,20260422,2026-04-22T09:05:28
20260422,253450,스튜디오드래곤,35350,51108,1804920525,-0.14,0.78,0,Neutral,,1,0,Neutral,,0,20260422,2026-04-22T09:05:28
20260422,268280,미원에스씨,119900,1897,227571100,-1.56,1.07,0,Neutral,,0,0,Neutral,,0,20260422,2026-04-22T09:05:28
20260422,280360,롯데웰푸드,116800,11873,1389070700,-1.18,0.8,0,Neutral,,0,0,Neutral,,0,20260422,2026-04-22T09:05:28
20260422,282330,BGF리테일,133200,41928,5583000700,-0.67,0.7,0,Neutral,,0,0,Neutral,,1,20260422,2026-04-22T09:05:28
20260422,285130,SK케미칼,58200,30829,1786774400,0.69,0.67,0,Neutral,,0,0,Neutral,,0,20260422,2026-04-22T09:05:28
20260422,298020,효성티앤씨,531000,31727,16848582000,0.76,0.7,0,Neutral,,0,0,Neutral,,0,20260422,2026-04-22T09:05:28
20260422,298040,효성중공업,3084000,36712,111748727500,2.73,0.8,0,Neutral,,0,0,Neutral,,0,20260422,2026-04-22T09:05:28
20260422,298050,HS효성첨단소재,234000,25893,5922753750,6.61,2.35,0,Neutral,,0,0,Neutral,,0,20260422,2026-04-22T09:05:28
20260422,302440,SK바이오사이언스,43850,76514,3357948700,-0.79,0.71,0,Neutral,,0,0,Neutral,,0,20260422,2026-04-22T09:05:28
20260422,348210,넥스틴,76400,83064,6288845650,0.0,0.97,0,Neutral,,0,0,Neutral,,0,20260422,2026-04-22T09:05:28
20260422,357780,솔브레인,464000,70800,32334109750,5.22,1.57,0,Neutral,,0,0,Neutral,,0,20260422,2026-04-22T09:05:28
20260422,383220,F&F,67000,62054,4136929150,-1.03,0.88,0,Neutral,,0,0,Neutral,,0,20260422,2026-04-22T09:05:28
